<?xml version="1.0" encoding="UTF-8"?>
<metadata>
  <groupId>kr.co.bizspring</groupId>
  <artifactId>insight-android-sdk</artifactId>
  <version>0.1.0</version>
  <versioning>
    <versions>
      <version>0.1.0</version>
      <version>0.1.1</version>
      <version>0.1.2</version>
      <version>0.1.3</version>
      <version>0.1.5</version>
      <version>0.1.6</version>
      <version>0.1.8</version>
      <version>0.2.0</version>
      <version>19.1.0</version>
      <version>19.2.1</version>
      <version>19.2.2</version>
      <version>19.2.3</version>
      <version>19.2.4</version>
      <version>21.0.1</version>
      <version>21.0.2</version>
      <version>21.0.4</version>
      <version>21.0.5</version>
      <version>21.0.6</version>
      <version>21.0.12</version>
      <version>21.1.0</version>
      <version>21.1.1</version>
      <version>21.1.2</version>
      <version>21.1.3</version>
      <version>21.1.4</version>
      <version>21.1.5</version>
      <version>21.1.6</version>
      <version>21.1.7</version>
      <version>21.1.8</version>
      <version>21.1.9</version>
      <version>21.1.10</version>
      <version>21.1.11</version>
      <version>21.1.12</version>
      <version>21.1.13</version>
      <version>21.1.14</version>
      <version>21.1.15</version>
      <version>21.1.16</version>
      <version>21.1.17</version>
      <version>21.1.18</version>
      <version>21.1.19</version>
    </versions>
    <lastUpdated>20150319094354</lastUpdated>
  </versioning>
</metadata>
